2,1,ggffg,foo,fii,fsr,1,1,200.00,1,2017-05-30
3,2,ggf,jhg,jhgf,hgf,1,1,200.00,1,2017-05-30
4,222,,,,,1,1,20.00,1,2017-06-02
5,222,,,,,1,1,20.00,1,2017-06-02
6,333,,,,,1,1,20.00,1,2017-06-02
7,3330,,,,,1,1,20.00,1,2017-06-02
8,3330,,,,,1,1,20.00,1,2017-06-02
9,3330,,,,,1,1,20.00,1,2017-06-02
10,3330,,,,,1,1,20.00,1,2017-06-02
11,3330,,,,,1,1,20.00,1,2017-06-02
12,3330,,,,,1,1,20.00,1,2017-06-02
13,3330,,,,,1,1,20.00,1,2017-06-02
14,3330,,,,,1,1,20.00,1,2017-06-02
15,3330,,,,,1,1,20.00,1,2017-06-02
16,3330,,,,,1,1,20.00,1,2017-06-02
17,3330,,,,,1,1,20.00,1,2017-06-02
18,3330,,,,,1,1,20.00,1,2017-06-02
19,3330,,,,,1,1,20.00,1,2017-06-02
20,3330,,,,,1,1,20.00,1,2017-06-02
21,3330,,,,,1,1,20.00,1,2017-06-02
22,3330,,,,,1,1,20.00,1,2017-06-02
23,3330,,,,,1,1,20.00,1,2017-06-02
24,3330,,,,,1,1,20.00,1,2017-06-02
25,3330,,,,,1,1,20.00,1,2017-06-02
26,12151,,,,,1,1,20.00,1,2017-06-05
27,2263,,,,,1,1,20.00,1,2017-06-05
28,2263,,,,,1,1,20.00,1,2017-06-05
29,58778,,,,,1,1,20.00,1,2017-06-05
40,035000521019,https://i5.walmartimages.com/asr/0f42ece3-37b9-4b93-81bd-7810d183cd39_1.0449cff89a5686b234b188a3bae433b5.jpeg?odnHeight=180&odnWidth=180&odnBg=FFFFFF,"Colgate Sensitive Maximum Strength Toothpaste Mint Clean, 6.0 OZ",Colgate,0003500052101,True,Available,4.38,1,2017-06-09
41,190198051875,https://i5.walmartimages.com/asr/20caa881-9f84-478b-8259-b9c3448e1007_1.f85576fe20ee4efe41421c04faaa310f.jpeg?odnHeight=180&odnWidth=180&odnBg=FFFFFF,Straight Talk Apple iPhone 5S 16GB 4G LTE Prepaid Smartphone,Apple,ME350LL/A,True,Not available,450.00,1,2017-06-13
42,885909395095,https://i5.walmartimages.com/asr/7bdbd988-73b5-4c26-ace3-95ee3eed2a71_1.7bc7e7cf578b8e83ccf4bc47258bf9bb.jpeg?odnHeight=180&odnWidth=180&odnBg=FFFFFF,Apple iPod touch 32GB Black (4th Generation) (Discontinued by Manufacturer),Apple,MC540LL/A,,Not available,299.00,,2017-06-14
43,885909395095,https://i5.walmartimages.com/asr/7bdbd988-73b5-4c26-ace3-95ee3eed2a71_1.7bc7e7cf578b8e83ccf4bc47258bf9bb.jpeg?odnHeight=180&odnWidth=180&odnBg=FFFFFF,Apple iPod touch 32GB Black (4th Generation) (Discontinued by Manufacturer),Apple,MC540LL/A,,Not available,299.00,,2017-06-14
44,885909395095,https://i5.walmartimages.com/asr/7bdbd988-73b5-4c26-ace3-95ee3eed2a71_1.7bc7e7cf578b8e83ccf4bc47258bf9bb.jpeg?odnHeight=180&odnWidth=180&odnBg=FFFFFF,Apple iPod touch 32GB Black (4th Generation) (Discontinued by Manufacturer),Apple,MC540LL/A,,Not available,299.00,,2017-06-14
45,885909395095,https://i5.walmartimages.com/asr/7bdbd988-73b5-4c26-ace3-95ee3eed2a71_1.7bc7e7cf578b8e83ccf4bc47258bf9bb.jpeg?odnHeight=180&odnWidth=180&odnBg=FFFFFF,Apple iPod touch 32GB Black (4th Generation) (Discontinued by Manufacturer),Apple,MC540LL/A,,Not available,299.00,,2017-06-14
46,885909395095,https://i5.walmartimages.com/asr/7bdbd988-73b5-4c26-ace3-95ee3eed2a71_1.7bc7e7cf578b8e83ccf4bc47258bf9bb.jpeg?odnHeight=180&odnWidth=180&odnBg=FFFFFF,Apple iPod touch 32GB Black (4th Generation) (Discontinued by Manufacturer),Apple,MC540LL/A,,Not available,299.00,,2017-06-14
47,,,,,,,,0.00,,2017-06-14
48,035000521019,https://i5.walmartimages.com/asr/0f42ece3-37b9-4b93-81bd-7810d183cd39_1.0449cff89a5686b234b188a3bae433b5.jpeg?odnHeight=180&odnWidth=180&odnBg=FFFFFF,"Colgate Sensitive Maximum Strength Toothpaste Mint Clean, 6.0 OZ",Colgate,0003500052101,True,Available,4.38,True,2017-06-14
49,035000521019,https://i5.walmartimages.com/asr/0f42ece3-37b9-4b93-81bd-7810d183cd39_1.0449cff89a5686b234b188a3bae433b5.jpeg?odnHeight=180&odnWidth=180&odnBg=FFFFFF,"Colgate Sensitive Maximum Strength Toothpaste Mint Clean, 6.0 OZ",Colgate,0003500052101,True,Available,4.38,True,2017-06-14
50,035000521019,https://i5.walmartimages.com/asr/0f42ece3-37b9-4b93-81bd-7810d183cd39_1.0449cff89a5686b234b188a3bae433b5.jpeg?odnHeight=180&odnWidth=180&odnBg=FFFFFF,"Colgate Sensitive Maximum Strength Toothpaste Mint Clean, 6.0 OZ",Colgate,0003500052101,True,Available,4.38,True,2017-06-14
51,,,,,,,,0.00,,2017-06-14
52,,,,,,,,0.00,,2017-06-14
55,885909395095,https://i5.walmartimages.com/asr/7bdbd988-73b5-4c26-ace3-95ee3eed2a71_1.7bc7e7cf578b8e83ccf4bc47258bf9bb.jpeg?odnHeight=180&odnWidth=180&odnBg=FFFFFF,Apple iPod touch 32GB Black (4th Generation) (Discontinued by Manufacturer),Apple,MC540LL/A,,Not available,299.00,,2017-06-14
56,885909395095,https://i5.walmartimages.com/asr/7bdbd988-73b5-4c26-ace3-95ee3eed2a71_1.7bc7e7cf578b8e83ccf4bc47258bf9bb.jpeg?odnHeight=180&odnWidth=180&odnBg=FFFFFF,Apple iPod touch 32GB Black (4th Generation) (Discontinued by Manufacturer),Apple,MC540LL/A,,Not available,299.00,,2017-06-14
57,885909395095,https://i5.walmartimages.com/asr/7bdbd988-73b5-4c26-ace3-95ee3eed2a71_1.7bc7e7cf578b8e83ccf4bc47258bf9bb.jpeg?odnHeight=180&odnWidth=180&odnBg=FFFFFF,Apple iPod touch 32GB Black (4th Generation) (Discontinued by Manufacturer),Apple,MC540LL/A,,Not available,299.00,,2017-06-14
58,190198051875,https://i5.walmartimages.com/asr/20caa881-9f84-478b-8259-b9c3448e1007_1.f85576fe20ee4efe41421c04faaa310f.jpeg?odnHeight=180&odnWidth=180&odnBg=FFFFFF,Straight Talk Apple iPhone 5S 16GB 4G ,Apple,ME350LL,1,Not available,450.00,1,2017-06-15
59,190198051875,https://i5.walmartimages.com/asr/20caa881-9f84-478b-8259-b9c3448e1007_1.f85576fe20ee4efe41421c04faaa310f.jpeg?odnHeight=180&odnWidth=180&odnBg=FFFFFF,Straight Talk Apple iPhone 5S 16GB 4G ,Nokia,ME35023,1,Not available,451.00,1,2017-06-15
60,190198051875,https://i5.walmartimages.com/asr/20caa881-9f84-478b-8259-b9c3448e1007_1.f85576fe20ee4efe41421c04faaa310f.jpeg?odnHeight=180&odnWidth=180&odnBg=FFFFFF,Straight Talk Apple iPhone 5S 16GB 4G ,Samsung,ME35520,1,Not available,452.00,1,2017-06-15
61,190198051875,https://i5.walmartimages.com/asr/20caa881-9f84-478b-8259-b9c3448e1007_1.f85576fe20ee4efe41421c04faaa310f.jpeg?odnHeight=180&odnWidth=180&odnBg=FFFFFF,Straight Talk Apple iPhone 5S 16GB 4G ,BLU,ME35652,1,Not available,453.00,1,2017-06-15
62,190198051875,https://i5.walmartimages.com/asr/20caa881-9f84-478b-8259-b9c3448e1007_1.f85576fe20ee4efe41421c04faaa310f.jpeg?odnHeight=180&odnWidth=180&odnBg=FFFFFF,Straight Talk Apple iPhone 5S 16GB 4G ,Sony,ME3505205,1,Not available,455.00,1,2017-06-15
63,190198051875,https://i5.walmartimages.com/asr/20caa881-9f84-478b-8259-b9c3448e1007_1.f85576fe20ee4efe41421c04faaa310f.jpeg?odnHeight=180&odnWidth=180&odnBg=FFFFFF,Straight,Talk,Apple,1,5S,450.00,1,2017-06-15
64,190198051875,https://i5.walmartimages.com/asr/20caa881-9f84-478b-8259-b9c3448e1007_1.f85576fe20ee4efe41421c04faaa310f.jpeg?odnHeight=180&odnWidth=180&odnBg=FFFFFF,Straight,Talk,Apple,1,5S,451.00,1,2017-06-15
65,190198051875,https://i5.walmartimages.com/asr/20caa881-9f84-478b-8259-b9c3448e1007_1.f85576fe20ee4efe41421c04faaa310f.jpeg?odnHeight=180&odnWidth=180&odnBg=FFFFFF,Straight,Talk,Apple,1,5S,452.00,1,2017-06-15
66,190198051875,https://i5.walmartimages.com/asr/20caa881-9f84-478b-8259-b9c3448e1007_1.f85576fe20ee4efe41421c04faaa310f.jpeg?odnHeight=180&odnWidth=180&odnBg=FFFFFF,Straight,Talk,Apple,1,5S,453.00,1,2017-06-15
67,190198051875,https://i5.walmartimages.com/asr/20caa881-9f84-478b-8259-b9c3448e1007_1.f85576fe20ee4efe41421c04faaa310f.jpeg?odnHeight=180&odnWidth=180&odnBg=FFFFFF,Apple,Apple,ME350LL,1,available,450.00,1,2017-06-15
68,190198051876,https://i5.walmartimages.com/asr/20caa881-9f84-478b-8259-b9c3448e1007_1.f85576fe20ee4efe41421c04faaa310f.jpeg?odnHeight=180&odnWidth=180&odnBg=FFFFFF,Apple1,Nokia,ME35023,1,available,451.00,1,2017-06-15
69,190198051877,https://i5.walmartimages.com/asr/20caa881-9f84-478b-8259-b9c3448e1007_1.f85576fe20ee4efe41421c04faaa310f.jpeg?odnHeight=180&odnWidth=180&odnBg=FFFFFF,Apple2,Samsung,ME35520,1,available,452.00,1,2017-06-15
70,190198051878,https://i5.walmartimages.com/asr/20caa881-9f84-478b-8259-b9c3448e1007_1.f85576fe20ee4efe41421c04faaa310f.jpeg?odnHeight=180&odnWidth=180&odnBg=FFFFFF,Apple3,BLU,ME35652,1,available,453.00,1,2017-06-15
72,190198051875,https://i5.walmartimages.com/asr/20caa881-9f84-478b-8259-b9c3448e1007_1.f85576fe20ee4efe41421c04faaa310f.jpeg?odnHeight=180&odnWidth=180&odnBg=FFFFFF,Apple,Apple,ME350LL,1,available,450.00,1,2017-06-15
73,190198051876,https://i5.walmartimages.com/asr/20caa881-9f84-478b-8259-b9c3448e1007_1.f85576fe20ee4efe41421c04faaa310f.jpeg?odnHeight=180&odnWidth=180&odnBg=FFFFFF,Apple1,Nokia,ME35023,1,available,451.00,1,2017-06-15
74,190198051877,https://i5.walmartimages.com/asr/20caa881-9f84-478b-8259-b9c3448e1007_1.f85576fe20ee4efe41421c04faaa310f.jpeg?odnHeight=180&odnWidth=180&odnBg=FFFFFF,Apple2,Samsung,ME35520,1,available,452.00,1,2017-06-15
75,190198051878,https://i5.walmartimages.com/asr/20caa881-9f84-478b-8259-b9c3448e1007_1.f85576fe20ee4efe41421c04faaa310f.jpeg?odnHeight=180&odnWidth=180&odnBg=FFFFFF,Apple3,BLU,ME35652,1,available,453.00,1,2017-06-15
77,190198051875,https://i5.walmartimages.com/asr/20caa881-9f84-478b-8259-b9c3448e1007_1.f85576fe20ee4efe41421c04faaa310f.jpeg?odnHeight=180&odnWidth=180&odnBg=FFFFFF,Apple,Apple,ME350LL,1,available,450.00,1,2017-06-16
78,190198051876,https://i5.walmartimages.com/asr/20caa881-9f84-478b-8259-b9c3448e1007_1.f85576fe20ee4efe41421c04faaa310f.jpeg?odnHeight=180&odnWidth=180&odnBg=FFFFFF,Apple1,Nokia,ME35023,1,available,451.00,1,2017-06-16
79,190198051877,https://i5.walmartimages.com/asr/20caa881-9f84-478b-8259-b9c3448e1007_1.f85576fe20ee4efe41421c04faaa310f.jpeg?odnHeight=180&odnWidth=180&odnBg=FFFFFF,Apple2,Samsung,ME35520,1,available,452.00,1,2017-06-16
80,190198051878,https://i5.walmartimages.com/asr/20caa881-9f84-478b-8259-b9c3448e1007_1.f85576fe20ee4efe41421c04faaa310f.jpeg?odnHeight=180&odnWidth=180&odnBg=FFFFFF,Apple3,BLU,ME35652,1,available,453.00,1,2017-06-16
81,190198051879,https://i5.walmartimages.com/asr/20caa881-9f84-478b-8259-b9c3448e1007_1.f85576fe20ee4efe41421c04faaa310f.jpeg?odnHeight=180&odnWidth=180&odnBg=FFFFFF,Apple4,Sony,ME3505205,1,available,455.00,1,2017-06-16
82,190198051875,https://i5.walmartimages.com/asr/20caa881-9f84-478b-8259-b9c3448e1007_1.f85576fe20ee4efe41421c04faaa310f.jpeg?odnHeight=180&odnWidth=180&odnBg=FFFFFF,Apple,Apple,ME350LL,1,available,450.00,1,2017-06-16
83,190198051876,https://i5.walmartimages.com/asr/20caa881-9f84-478b-8259-b9c3448e1007_1.f85576fe20ee4efe41421c04faaa310f.jpeg?odnHeight=180&odnWidth=180&odnBg=FFFFFF,Apple1,Nokia,ME35023,1,available,451.00,1,2017-06-16
84,190198051877,https://i5.walmartimages.com/asr/20caa881-9f84-478b-8259-b9c3448e1007_1.f85576fe20ee4efe41421c04faaa310f.jpeg?odnHeight=180&odnWidth=180&odnBg=FFFFFF,Apple2,Samsung,ME35520,1,available,452.00,1,2017-06-16
85,190198051878,https://i5.walmartimages.com/asr/20caa881-9f84-478b-8259-b9c3448e1007_1.f85576fe20ee4efe41421c04faaa310f.jpeg?odnHeight=180&odnWidth=180&odnBg=FFFFFF,Apple3,BLU,ME35652,1,available,453.00,1,2017-06-16
86,190198051879,https://i5.walmartimages.com/asr/20caa881-9f84-478b-8259-b9c3448e1007_1.f85576fe20ee4efe41421c04faaa310f.jpeg?odnHeight=180&odnWidth=180&odnBg=FFFFFF,Apple4,Sony,ME3505205,1,available,455.00,1,2017-06-16
87,190198051875,https://i5.walmartimages.com/asr/20caa881-9f84-478b-8259-b9c3448e1007_1.f85576fe20ee4efe41421c04faaa310f.jpeg?odnHeight=180&odnWidth=180&odnBg=FFFFFF,Apple,Apple,ME350LL,1,available,450.00,1,2017-06-16
88,190198051876,https://i5.walmartimages.com/asr/20caa881-9f84-478b-8259-b9c3448e1007_1.f85576fe20ee4efe41421c04faaa310f.jpeg?odnHeight=180&odnWidth=180&odnBg=FFFFFF,Apple1,Nokia,ME35023,1,available,451.00,1,2017-06-16
89,190198051877,https://i5.walmartimages.com/asr/20caa881-9f84-478b-8259-b9c3448e1007_1.f85576fe20ee4efe41421c04faaa310f.jpeg?odnHeight=180&odnWidth=180&odnBg=FFFFFF,Apple2,Samsung,ME35520,1,available,452.00,1,2017-06-16
90,190198051878,https://i5.walmartimages.com/asr/20caa881-9f84-478b-8259-b9c3448e1007_1.f85576fe20ee4efe41421c04faaa310f.jpeg?odnHeight=180&odnWidth=180&odnBg=FFFFFF,Apple3,BLU,ME35652,1,available,453.00,1,2017-06-16
91,190198051879,https://i5.walmartimages.com/asr/20caa881-9f84-478b-8259-b9c3448e1007_1.f85576fe20ee4efe41421c04faaa310f.jpeg?odnHeight=180&odnWidth=180&odnBg=FFFFFF,Apple4,Sony,ME3505205,1,available,455.00,1,2017-06-16
92,190198051875,https://i5.walmartimages.com/asr/20caa881-9f84-478b-8259-b9c3448e1007_1.f85576fe20ee4efe41421c04faaa310f.jpeg?odnHeight=180&odnWidth=180&odnBg=FFFFFF,Apple,Apple,ME350LL,1,available,450.00,1,2017-06-16
93,190198051876,https://i5.walmartimages.com/asr/20caa881-9f84-478b-8259-b9c3448e1007_1.f85576fe20ee4efe41421c04faaa310f.jpeg?odnHeight=180&odnWidth=180&odnBg=FFFFFF,Apple1,Nokia,ME35023,1,available,451.00,1,2017-06-16
94,190198051877,https://i5.walmartimages.com/asr/20caa881-9f84-478b-8259-b9c3448e1007_1.f85576fe20ee4efe41421c04faaa310f.jpeg?odnHeight=180&odnWidth=180&odnBg=FFFFFF,Apple2,Samsung,ME35520,1,available,452.00,1,2017-06-16
95,190198051878,https://i5.walmartimages.com/asr/20caa881-9f84-478b-8259-b9c3448e1007_1.f85576fe20ee4efe41421c04faaa310f.jpeg?odnHeight=180&odnWidth=180&odnBg=FFFFFF,Apple3,BLU,ME35652,1,available,453.00,1,2017-06-16
96,190198051879,https://i5.walmartimages.com/asr/20caa881-9f84-478b-8259-b9c3448e1007_1.f85576fe20ee4efe41421c04faaa310f.jpeg?odnHeight=180&odnWidth=180&odnBg=FFFFFF,Apple4,Sony,ME3505205,1,available,455.00,1,2017-06-16
97,190198051875,https://i5.walmartimages.com/asr/20caa881-9f84-478b-8259-b9c3448e1007_1.f85576fe20ee4efe41421c04faaa310f.jpeg?odnHeight=180&odnWidth=180&odnBg=FFFFFF,Apple,Apple,ME350LL,1,available,450.00,1,2017-06-16
98,190198051876,https://i5.walmartimages.com/asr/20caa881-9f84-478b-8259-b9c3448e1007_1.f85576fe20ee4efe41421c04faaa310f.jpeg?odnHeight=180&odnWidth=180&odnBg=FFFFFF,Apple1,Nokia,ME35023,1,available,451.00,1,2017-06-16
99,190198051877,https://i5.walmartimages.com/asr/20caa881-9f84-478b-8259-b9c3448e1007_1.f85576fe20ee4efe41421c04faaa310f.jpeg?odnHeight=180&odnWidth=180&odnBg=FFFFFF,Apple2,Samsung,ME35520,1,available,452.00,1,2017-06-16
100,190198051878,https://i5.walmartimages.com/asr/20caa881-9f84-478b-8259-b9c3448e1007_1.f85576fe20ee4efe41421c04faaa310f.jpeg?odnHeight=180&odnWidth=180&odnBg=FFFFFF,Apple3,BLU,ME35652,1,available,453.00,1,2017-06-16
101,190198051879,https://i5.walmartimages.com/asr/20caa881-9f84-478b-8259-b9c3448e1007_1.f85576fe20ee4efe41421c04faaa310f.jpeg?odnHeight=180&odnWidth=180&odnBg=FFFFFF,Apple4,Sony,ME3505205,1,available,455.00,1,2017-06-16
102,190198051875,https://i5.walmartimages.com/asr/20caa881-9f84-478b-8259-b9c3448e1007_1.f85576fe20ee4efe41421c04faaa310f.jpeg?odnHeight=180&odnWidth=180&odnBg=FFFFFF,Apple,Apple,ME350LL,1,available,450.00,1,2017-06-16
103,190198051876,https://i5.walmartimages.com/asr/20caa881-9f84-478b-8259-b9c3448e1007_1.f85576fe20ee4efe41421c04faaa310f.jpeg?odnHeight=180&odnWidth=180&odnBg=FFFFFF,Apple1,Nokia,ME35023,1,available,451.00,1,2017-06-16
104,190198051877,https://i5.walmartimages.com/asr/20caa881-9f84-478b-8259-b9c3448e1007_1.f85576fe20ee4efe41421c04faaa310f.jpeg?odnHeight=180&odnWidth=180&odnBg=FFFFFF,Apple2,Samsung,ME35520,1,available,452.00,1,2017-06-16
105,190198051878,https://i5.walmartimages.com/asr/20caa881-9f84-478b-8259-b9c3448e1007_1.f85576fe20ee4efe41421c04faaa310f.jpeg?odnHeight=180&odnWidth=180&odnBg=FFFFFF,Apple3,BLU,ME35652,1,available,453.00,1,2017-06-16
106,190198051879,https://i5.walmartimages.com/asr/20caa881-9f84-478b-8259-b9c3448e1007_1.f85576fe20ee4efe41421c04faaa310f.jpeg?odnHeight=180&odnWidth=180&odnBg=FFFFFF,Apple4,Sony,ME3505205,1,available,455.00,1,2017-06-16
107,190198051875,https://i5.walmartimages.com/asr/20caa881-9f84-478b-8259-b9c3448e1007_1.f85576fe20ee4efe41421c04faaa310f.jpeg?odnHeight=180&odnWidth=180&odnBg=FFFFFF,Apple,Apple,ME350LL,1,available,450.00,1,2017-06-16
108,190198051876,https://i5.walmartimages.com/asr/20caa881-9f84-478b-8259-b9c3448e1007_1.f85576fe20ee4efe41421c04faaa310f.jpeg?odnHeight=180&odnWidth=180&odnBg=FFFFFF,Apple1,Nokia,ME35023,1,available,451.00,1,2017-06-16
109,190198051877,https://i5.walmartimages.com/asr/20caa881-9f84-478b-8259-b9c3448e1007_1.f85576fe20ee4efe41421c04faaa310f.jpeg?odnHeight=180&odnWidth=180&odnBg=FFFFFF,Apple2,Samsung,ME35520,1,available,452.00,1,2017-06-16
110,190198051878,https://i5.walmartimages.com/asr/20caa881-9f84-478b-8259-b9c3448e1007_1.f85576fe20ee4efe41421c04faaa310f.jpeg?odnHeight=180&odnWidth=180&odnBg=FFFFFF,Apple3,BLU,ME35652,1,available,453.00,1,2017-06-16
111,190198051879,https://i5.walmartimages.com/asr/20caa881-9f84-478b-8259-b9c3448e1007_1.f85576fe20ee4efe41421c04faaa310f.jpeg?odnHeight=180&odnWidth=180&odnBg=FFFFFF,Apple4,Sony,ME3505205,1,available,455.00,1,2017-06-16
112,190198051875,https://i5.walmartimages.com/asr/20caa881-9f84-478b-8259-b9c3448e1007_1.f85576fe20ee4efe41421c04faaa310f.jpeg?odnHeight=180&odnWidth=180&odnBg=FFFFFF,Apple,Apple,ME350LL,1,available,450.00,1,2017-06-16
113,190198051876,https://i5.walmartimages.com/asr/20caa881-9f84-478b-8259-b9c3448e1007_1.f85576fe20ee4efe41421c04faaa310f.jpeg?odnHeight=180&odnWidth=180&odnBg=FFFFFF,Apple1,Nokia,ME35023,1,available,451.00,1,2017-06-16
114,190198051877,https://i5.walmartimages.com/asr/20caa881-9f84-478b-8259-b9c3448e1007_1.f85576fe20ee4efe41421c04faaa310f.jpeg?odnHeight=180&odnWidth=180&odnBg=FFFFFF,Apple2,Samsung,ME35520,1,available,452.00,1,2017-06-16
115,190198051878,https://i5.walmartimages.com/asr/20caa881-9f84-478b-8259-b9c3448e1007_1.f85576fe20ee4efe41421c04faaa310f.jpeg?odnHeight=180&odnWidth=180&odnBg=FFFFFF,Apple3,BLU,ME35652,1,available,453.00,1,2017-06-16
116,190198051879,https://i5.walmartimages.com/asr/20caa881-9f84-478b-8259-b9c3448e1007_1.f85576fe20ee4efe41421c04faaa310f.jpeg?odnHeight=180&odnWidth=180&odnBg=FFFFFF,Apple4,Sony,ME3505205,1,available,455.00,1,2017-06-16
117,190198051875,https://i5.walmartimages.com/asr/20caa881-9f84-478b-8259-b9c3448e1007_1.f85576fe20ee4efe41421c04faaa310f.jpeg?odnHeight=180&odnWidth=180&odnBg=FFFFFF,Apple,Apple,ME350LL,1,available,450.00,1,2017-06-16
118,190198051876,https://i5.walmartimages.com/asr/20caa881-9f84-478b-8259-b9c3448e1007_1.f85576fe20ee4efe41421c04faaa310f.jpeg?odnHeight=180&odnWidth=180&odnBg=FFFFFF,Apple1,Nokia,ME35023,1,available,451.00,1,2017-06-16
119,190198051877,https://i5.walmartimages.com/asr/20caa881-9f84-478b-8259-b9c3448e1007_1.f85576fe20ee4efe41421c04faaa310f.jpeg?odnHeight=180&odnWidth=180&odnBg=FFFFFF,Apple2,Samsung,ME35520,1,available,452.00,1,2017-06-16
120,190198051878,https://i5.walmartimages.com/asr/20caa881-9f84-478b-8259-b9c3448e1007_1.f85576fe20ee4efe41421c04faaa310f.jpeg?odnHeight=180&odnWidth=180&odnBg=FFFFFF,Apple3,BLU,ME35652,1,available,453.00,1,2017-06-16
121,190198051879,https://i5.walmartimages.com/asr/20caa881-9f84-478b-8259-b9c3448e1007_1.f85576fe20ee4efe41421c04faaa310f.jpeg?odnHeight=180&odnWidth=180&odnBg=FFFFFF,Apple4,Sony,ME3505205,1,available,455.00,1,2017-06-16
122,190198051875,https://i5.walmartimages.com/asr/20caa881-9f84-478b-8259-b9c3448e1007_1.f85576fe20ee4efe41421c04faaa310f.jpeg?odnHeight=180&odnWidth=180&odnBg=FFFFFF,Apple,Apple,ME350LL,1,available,450.00,1,2017-06-16
123,190198051876,https://i5.walmartimages.com/asr/20caa881-9f84-478b-8259-b9c3448e1007_1.f85576fe20ee4efe41421c04faaa310f.jpeg?odnHeight=180&odnWidth=180&odnBg=FFFFFF,Apple1,Nokia,ME35023,1,available,451.00,1,2017-06-16
124,190198051877,https://i5.walmartimages.com/asr/20caa881-9f84-478b-8259-b9c3448e1007_1.f85576fe20ee4efe41421c04faaa310f.jpeg?odnHeight=180&odnWidth=180&odnBg=FFFFFF,Apple2,Samsung,ME35520,1,available,452.00,1,2017-06-16
125,190198051878,https://i5.walmartimages.com/asr/20caa881-9f84-478b-8259-b9c3448e1007_1.f85576fe20ee4efe41421c04faaa310f.jpeg?odnHeight=180&odnWidth=180&odnBg=FFFFFF,Apple3,BLU,ME35652,1,available,453.00,1,2017-06-16
126,190198051879,https://i5.walmartimages.com/asr/20caa881-9f84-478b-8259-b9c3448e1007_1.f85576fe20ee4efe41421c04faaa310f.jpeg?odnHeight=180&odnWidth=180&odnBg=FFFFFF,Apple4,Sony,ME3505205,1,available,455.00,1,2017-06-16
127,190198051875,https://i5.walmartimages.com/asr/20caa881-9f84-478b-8259-b9c3448e1007_1.f85576fe20ee4efe41421c04faaa310f.jpeg?odnHeight=180&odnWidth=180&odnBg=FFFFFF,Apple,Apple,ME350LL,1,available,450.00,1,2017-06-16
128,190198051876,https://i5.walmartimages.com/asr/20caa881-9f84-478b-8259-b9c3448e1007_1.f85576fe20ee4efe41421c04faaa310f.jpeg?odnHeight=180&odnWidth=180&odnBg=FFFFFF,Apple1,Nokia,ME35023,1,available,451.00,1,2017-06-16
129,190198051877,https://i5.walmartimages.com/asr/20caa881-9f84-478b-8259-b9c3448e1007_1.f85576fe20ee4efe41421c04faaa310f.jpeg?odnHeight=180&odnWidth=180&odnBg=FFFFFF,Apple2,Samsung,ME35520,1,available,452.00,1,2017-06-16
130,190198051878,https://i5.walmartimages.com/asr/20caa881-9f84-478b-8259-b9c3448e1007_1.f85576fe20ee4efe41421c04faaa310f.jpeg?odnHeight=180&odnWidth=180&odnBg=FFFFFF,Apple3,BLU,ME35652,1,available,453.00,1,2017-06-16
131,190198051879,https://i5.walmartimages.com/asr/20caa881-9f84-478b-8259-b9c3448e1007_1.f85576fe20ee4efe41421c04faaa310f.jpeg?odnHeight=180&odnWidth=180&odnBg=FFFFFF,Apple4,Sony,ME3505205,1,available,455.00,1,2017-06-16
132,190198051875,https://i5.walmartimages.com/asr/20caa881-9f84-478b-8259-b9c3448e1007_1.f85576fe20ee4efe41421c04faaa310f.jpeg?odnHeight=180&odnWidth=180&odnBg=FFFFFF,Apple,Apple,ME350LL,1,available,450.00,1,2017-06-16
133,190198051876,https://i5.walmartimages.com/asr/20caa881-9f84-478b-8259-b9c3448e1007_1.f85576fe20ee4efe41421c04faaa310f.jpeg?odnHeight=180&odnWidth=180&odnBg=FFFFFF,Apple1,Nokia,ME35023,1,available,451.00,1,2017-06-16
134,190198051877,https://i5.walmartimages.com/asr/20caa881-9f84-478b-8259-b9c3448e1007_1.f85576fe20ee4efe41421c04faaa310f.jpeg?odnHeight=180&odnWidth=180&odnBg=FFFFFF,Apple2,Samsung,ME35520,1,available,452.00,1,2017-06-16
135,190198051878,https://i5.walmartimages.com/asr/20caa881-9f84-478b-8259-b9c3448e1007_1.f85576fe20ee4efe41421c04faaa310f.jpeg?odnHeight=180&odnWidth=180&odnBg=FFFFFF,Apple3,BLU,ME35652,1,available,453.00,1,2017-06-16
136,190198051879,https://i5.walmartimages.com/asr/20caa881-9f84-478b-8259-b9c3448e1007_1.f85576fe20ee4efe41421c04faaa310f.jpeg?odnHeight=180&odnWidth=180&odnBg=FFFFFF,Apple4,Sony,ME3505205,1,available,455.00,1,2017-06-16
137,190198051875,https://i5.walmartimages.com/asr/20caa881-9f84-478b-8259-b9c3448e1007_1.f85576fe20ee4efe41421c04faaa310f.jpeg?odnHeight=180&odnWidth=180&odnBg=FFFFFF,Apple,Apple,ME350LL,1,available,450.00,1,2017-06-16
138,190198051876,https://i5.walmartimages.com/asr/20caa881-9f84-478b-8259-b9c3448e1007_1.f85576fe20ee4efe41421c04faaa310f.jpeg?odnHeight=180&odnWidth=180&odnBg=FFFFFF,Apple1,Nokia,ME35023,1,available,451.00,1,2017-06-16
139,190198051877,https://i5.walmartimages.com/asr/20caa881-9f84-478b-8259-b9c3448e1007_1.f85576fe20ee4efe41421c04faaa310f.jpeg?odnHeight=180&odnWidth=180&odnBg=FFFFFF,Apple2,Samsung,ME35520,1,available,452.00,1,2017-06-16
140,190198051878,https://i5.walmartimages.com/asr/20caa881-9f84-478b-8259-b9c3448e1007_1.f85576fe20ee4efe41421c04faaa310f.jpeg?odnHeight=180&odnWidth=180&odnBg=FFFFFF,Apple3,BLU,ME35652,1,available,453.00,1,2017-06-16
141,190198051879,https://i5.walmartimages.com/asr/20caa881-9f84-478b-8259-b9c3448e1007_1.f85576fe20ee4efe41421c04faaa310f.jpeg?odnHeight=180&odnWidth=180&odnBg=FFFFFF,Apple4,Sony,ME3505205,1,available,455.00,1,2017-06-16
142,190198051875,https://i5.walmartimages.com/asr/20caa881-9f84-478b-8259-b9c3448e1007_1.f85576fe20ee4efe41421c04faaa310f.jpeg?odnHeight=180&odnWidth=180&odnBg=FFFFFF,Apple,Apple,ME350LL,1,available,450.00,1,2017-06-16
143,190198051876,https://i5.walmartimages.com/asr/20caa881-9f84-478b-8259-b9c3448e1007_1.f85576fe20ee4efe41421c04faaa310f.jpeg?odnHeight=180&odnWidth=180&odnBg=FFFFFF,Apple1,Nokia,ME35023,1,available,451.00,1,2017-06-16
144,190198051877,https://i5.walmartimages.com/asr/20caa881-9f84-478b-8259-b9c3448e1007_1.f85576fe20ee4efe41421c04faaa310f.jpeg?odnHeight=180&odnWidth=180&odnBg=FFFFFF,Apple2,Samsung,ME35520,1,available,452.00,1,2017-06-16
145,190198051878,https://i5.walmartimages.com/asr/20caa881-9f84-478b-8259-b9c3448e1007_1.f85576fe20ee4efe41421c04faaa310f.jpeg?odnHeight=180&odnWidth=180&odnBg=FFFFFF,Apple3,BLU,ME35652,1,available,453.00,1,2017-06-16
146,190198051879,https://i5.walmartimages.com/asr/20caa881-9f84-478b-8259-b9c3448e1007_1.f85576fe20ee4efe41421c04faaa310f.jpeg?odnHeight=180&odnWidth=180&odnBg=FFFFFF,Apple4,Sony,ME3505205,1,available,455.00,1,2017-06-16
147,190198051875,https://i5.walmartimages.com/asr/20caa881-9f84-478b-8259-b9c3448e1007_1.f85576fe20ee4efe41421c04faaa310f.jpeg?odnHeight=180&odnWidth=180&odnBg=FFFFFF,Apple,Apple,ME350LL,1,available,450.00,1,2017-06-16
148,190198051876,https://i5.walmartimages.com/asr/20caa881-9f84-478b-8259-b9c3448e1007_1.f85576fe20ee4efe41421c04faaa310f.jpeg?odnHeight=180&odnWidth=180&odnBg=FFFFFF,Apple1,Nokia,ME35023,1,available,451.00,1,2017-06-16
149,190198051877,https://i5.walmartimages.com/asr/20caa881-9f84-478b-8259-b9c3448e1007_1.f85576fe20ee4efe41421c04faaa310f.jpeg?odnHeight=180&odnWidth=180&odnBg=FFFFFF,Apple2,Samsung,ME35520,1,available,452.00,1,2017-06-16
150,190198051878,https://i5.walmartimages.com/asr/20caa881-9f84-478b-8259-b9c3448e1007_1.f85576fe20ee4efe41421c04faaa310f.jpeg?odnHeight=180&odnWidth=180&odnBg=FFFFFF,Apple3,BLU,ME35652,1,available,453.00,1,2017-06-16
151,190198051879,https://i5.walmartimages.com/asr/20caa881-9f84-478b-8259-b9c3448e1007_1.f85576fe20ee4efe41421c04faaa310f.jpeg?odnHeight=180&odnWidth=180&odnBg=FFFFFF,Apple4,Sony,ME3505205,1,available,455.00,1,2017-06-16
152,190198051875,https://i5.walmartimages.com/asr/20caa881-9f84-478b-8259-b9c3448e1007_1.f85576fe20ee4efe41421c04faaa310f.jpeg?odnHeight=180&odnWidth=180&odnBg=FFFFFF,Apple,Apple,ME350LL,1,available,450.00,1,2017-06-16
153,190198051876,https://i5.walmartimages.com/asr/20caa881-9f84-478b-8259-b9c3448e1007_1.f85576fe20ee4efe41421c04faaa310f.jpeg?odnHeight=180&odnWidth=180&odnBg=FFFFFF,Apple1,Nokia,ME35023,1,available,451.00,1,2017-06-16
154,190198051877,https://i5.walmartimages.com/asr/20caa881-9f84-478b-8259-b9c3448e1007_1.f85576fe20ee4efe41421c04faaa310f.jpeg?odnHeight=180&odnWidth=180&odnBg=FFFFFF,Apple2,Samsung,ME35520,1,available,452.00,1,2017-06-16
155,190198051878,https://i5.walmartimages.com/asr/20caa881-9f84-478b-8259-b9c3448e1007_1.f85576fe20ee4efe41421c04faaa310f.jpeg?odnHeight=180&odnWidth=180&odnBg=FFFFFF,Apple3,BLU,ME35652,1,available,453.00,1,2017-06-16
156,190198051879,https://i5.walmartimages.com/asr/20caa881-9f84-478b-8259-b9c3448e1007_1.f85576fe20ee4efe41421c04faaa310f.jpeg?odnHeight=180&odnWidth=180&odnBg=FFFFFF,Apple4,Sony,ME3505205,1,available,455.00,1,2017-06-16
157,190198051875,https://i5.walmartimages.com/asr/20caa881-9f84-478b-8259-b9c3448e1007_1.f85576fe20ee4efe41421c04faaa310f.jpeg?odnHeight=180&odnWidth=180&odnBg=FFFFFF,Apple,Apple,ME350LL,1,available,450.00,1,2017-06-16
158,190198051876,https://i5.walmartimages.com/asr/20caa881-9f84-478b-8259-b9c3448e1007_1.f85576fe20ee4efe41421c04faaa310f.jpeg?odnHeight=180&odnWidth=180&odnBg=FFFFFF,Apple1,Nokia,ME35023,1,available,451.00,1,2017-06-16
159,190198051877,https://i5.walmartimages.com/asr/20caa881-9f84-478b-8259-b9c3448e1007_1.f85576fe20ee4efe41421c04faaa310f.jpeg?odnHeight=180&odnWidth=180&odnBg=FFFFFF,Apple2,Samsung,ME35520,1,available,452.00,1,2017-06-16
160,190198051878,https://i5.walmartimages.com/asr/20caa881-9f84-478b-8259-b9c3448e1007_1.f85576fe20ee4efe41421c04faaa310f.jpeg?odnHeight=180&odnWidth=180&odnBg=FFFFFF,Apple3,BLU,ME35652,1,available,453.00,1,2017-06-16
161,190198051879,https://i5.walmartimages.com/asr/20caa881-9f84-478b-8259-b9c3448e1007_1.f85576fe20ee4efe41421c04faaa310f.jpeg?odnHeight=180&odnWidth=180&odnBg=FFFFFF,Apple4,Sony,ME3505205,1,available,455.00,1,2017-06-16
162,190198051875,https://i5.walmartimages.com/asr/20caa881-9f84-478b-8259-b9c3448e1007_1.f85576fe20ee4efe41421c04faaa310f.jpeg?odnHeight=180&odnWidth=180&odnBg=FFFFFF,Apple,Apple,ME350LL,1,available,450.00,1,2017-06-16
163,190198051876,https://i5.walmartimages.com/asr/20caa881-9f84-478b-8259-b9c3448e1007_1.f85576fe20ee4efe41421c04faaa310f.jpeg?odnHeight=180&odnWidth=180&odnBg=FFFFFF,Apple1,Nokia,ME35023,1,available,451.00,1,2017-06-16
164,190198051877,https://i5.walmartimages.com/asr/20caa881-9f84-478b-8259-b9c3448e1007_1.f85576fe20ee4efe41421c04faaa310f.jpeg?odnHeight=180&odnWidth=180&odnBg=FFFFFF,Apple2,Samsung,ME35520,1,available,452.00,1,2017-06-16
165,190198051878,https://i5.walmartimages.com/asr/20caa881-9f84-478b-8259-b9c3448e1007_1.f85576fe20ee4efe41421c04faaa310f.jpeg?odnHeight=180&odnWidth=180&odnBg=FFFFFF,Apple3,BLU,ME35652,1,available,453.00,1,2017-06-16
166,190198051879,https://i5.walmartimages.com/asr/20caa881-9f84-478b-8259-b9c3448e1007_1.f85576fe20ee4efe41421c04faaa310f.jpeg?odnHeight=180&odnWidth=180&odnBg=FFFFFF,Apple4,Sony,ME3505205,1,available,455.00,1,2017-06-16
167,190198051875,https://i5.walmartimages.com/asr/20caa881-9f84-478b-8259-b9c3448e1007_1.f85576fe20ee4efe41421c04faaa310f.jpeg?odnHeight=180&odnWidth=180&odnBg=FFFFFF,Apple,Apple,ME350LL,1,available,450.00,1,2017-06-16
168,190198051876,https://i5.walmartimages.com/asr/20caa881-9f84-478b-8259-b9c3448e1007_1.f85576fe20ee4efe41421c04faaa310f.jpeg?odnHeight=180&odnWidth=180&odnBg=FFFFFF,Apple1,Nokia,ME35023,1,available,451.00,1,2017-06-16
169,190198051877,https://i5.walmartimages.com/asr/20caa881-9f84-478b-8259-b9c3448e1007_1.f85576fe20ee4efe41421c04faaa310f.jpeg?odnHeight=180&odnWidth=180&odnBg=FFFFFF,Apple2,Samsung,ME35520,1,available,452.00,1,2017-06-16
170,190198051878,https://i5.walmartimages.com/asr/20caa881-9f84-478b-8259-b9c3448e1007_1.f85576fe20ee4efe41421c04faaa310f.jpeg?odnHeight=180&odnWidth=180&odnBg=FFFFFF,Apple3,BLU,ME35652,1,available,453.00,1,2017-06-16
171,190198051879,https://i5.walmartimages.com/asr/20caa881-9f84-478b-8259-b9c3448e1007_1.f85576fe20ee4efe41421c04faaa310f.jpeg?odnHeight=180&odnWidth=180&odnBg=FFFFFF,Apple4,Sony,ME3505205,1,available,455.00,1,2017-06-16
172,190198051875,https://i5.walmartimages.com/asr/20caa881-9f84-478b-8259-b9c3448e1007_1.f85576fe20ee4efe41421c04faaa310f.jpeg?odnHeight=180&odnWidth=180&odnBg=FFFFFF,Apple,Apple,ME350LL,1,available,450.00,1,2017-06-16
173,190198051876,https://i5.walmartimages.com/asr/20caa881-9f84-478b-8259-b9c3448e1007_1.f85576fe20ee4efe41421c04faaa310f.jpeg?odnHeight=180&odnWidth=180&odnBg=FFFFFF,Apple1,Nokia,ME35023,1,available,451.00,1,2017-06-16
174,190198051877,https://i5.walmartimages.com/asr/20caa881-9f84-478b-8259-b9c3448e1007_1.f85576fe20ee4efe41421c04faaa310f.jpeg?odnHeight=180&odnWidth=180&odnBg=FFFFFF,Apple2,Samsung,ME35520,1,available,452.00,1,2017-06-16
175,190198051878,https://i5.walmartimages.com/asr/20caa881-9f84-478b-8259-b9c3448e1007_1.f85576fe20ee4efe41421c04faaa310f.jpeg?odnHeight=180&odnWidth=180&odnBg=FFFFFF,Apple3,BLU,ME35652,1,available,453.00,1,2017-06-16
176,190198051879,https://i5.walmartimages.com/asr/20caa881-9f84-478b-8259-b9c3448e1007_1.f85576fe20ee4efe41421c04faaa310f.jpeg?odnHeight=180&odnWidth=180&odnBg=FFFFFF,Apple4,Sony,ME3505205,1,available,455.00,1,2017-06-16
177,190198051875,https://i5.walmartimages.com/asr/20caa881-9f84-478b-8259-b9c3448e1007_1.f85576fe20ee4efe41421c04faaa310f.jpeg?odnHeight=180&odnWidth=180&odnBg=FFFFFF,Apple,Apple,ME350LL,1,available,450.00,1,2017-06-16
178,190198051876,https://i5.walmartimages.com/asr/20caa881-9f84-478b-8259-b9c3448e1007_1.f85576fe20ee4efe41421c04faaa310f.jpeg?odnHeight=180&odnWidth=180&odnBg=FFFFFF,Apple1,Nokia,ME35023,1,available,451.00,1,2017-06-16
179,190198051877,https://i5.walmartimages.com/asr/20caa881-9f84-478b-8259-b9c3448e1007_1.f85576fe20ee4efe41421c04faaa310f.jpeg?odnHeight=180&odnWidth=180&odnBg=FFFFFF,Apple2,Samsung,ME35520,1,available,452.00,1,2017-06-16
180,190198051878,https://i5.walmartimages.com/asr/20caa881-9f84-478b-8259-b9c3448e1007_1.f85576fe20ee4efe41421c04faaa310f.jpeg?odnHeight=180&odnWidth=180&odnBg=FFFFFF,Apple3,BLU,ME35652,1,available,453.00,1,2017-06-16
181,190198051879,https://i5.walmartimages.com/asr/20caa881-9f84-478b-8259-b9c3448e1007_1.f85576fe20ee4efe41421c04faaa310f.jpeg?odnHeight=180&odnWidth=180&odnBg=FFFFFF,Apple4,Sony,ME3505205,1,available,455.00,1,2017-06-16
182,190198051875,https://i5.walmartimages.com/asr/20caa881-9f84-478b-8259-b9c3448e1007_1.f85576fe20ee4efe41421c04faaa310f.jpeg?odnHeight=180&odnWidth=180&odnBg=FFFFFF,Apple,Apple,ME350LL,1,available,450.00,1,2017-06-16
183,190198051876,https://i5.walmartimages.com/asr/20caa881-9f84-478b-8259-b9c3448e1007_1.f85576fe20ee4efe41421c04faaa310f.jpeg?odnHeight=180&odnWidth=180&odnBg=FFFFFF,Apple1,Nokia,ME35023,1,available,451.00,1,2017-06-16
184,190198051877,https://i5.walmartimages.com/asr/20caa881-9f84-478b-8259-b9c3448e1007_1.f85576fe20ee4efe41421c04faaa310f.jpeg?odnHeight=180&odnWidth=180&odnBg=FFFFFF,Apple2,Samsung,ME35520,1,available,452.00,1,2017-06-16
185,190198051878,https://i5.walmartimages.com/asr/20caa881-9f84-478b-8259-b9c3448e1007_1.f85576fe20ee4efe41421c04faaa310f.jpeg?odnHeight=180&odnWidth=180&odnBg=FFFFFF,Apple3,BLU,ME35652,1,available,453.00,1,2017-06-16
186,190198051879,https://i5.walmartimages.com/asr/20caa881-9f84-478b-8259-b9c3448e1007_1.f85576fe20ee4efe41421c04faaa310f.jpeg?odnHeight=180&odnWidth=180&odnBg=FFFFFF,Apple4,Sony,ME3505205,1,available,455.00,1,2017-06-16
187,190198051875,https://i5.walmartimages.com/asr/20caa881-9f84-478b-8259-b9c3448e1007_1.f85576fe20ee4efe41421c04faaa310f.jpeg?odnHeight=180&odnWidth=180&odnBg=FFFFFF,Apple,Apple,ME350LL,1,available,450.00,1,2017-06-16
188,190198051876,https://i5.walmartimages.com/asr/20caa881-9f84-478b-8259-b9c3448e1007_1.f85576fe20ee4efe41421c04faaa310f.jpeg?odnHeight=180&odnWidth=180&odnBg=FFFFFF,Apple1,Nokia,ME35023,1,available,451.00,1,2017-06-16
189,190198051877,https://i5.walmartimages.com/asr/20caa881-9f84-478b-8259-b9c3448e1007_1.f85576fe20ee4efe41421c04faaa310f.jpeg?odnHeight=180&odnWidth=180&odnBg=FFFFFF,Apple2,Samsung,ME35520,1,available,452.00,1,2017-06-16
190,190198051878,https://i5.walmartimages.com/asr/20caa881-9f84-478b-8259-b9c3448e1007_1.f85576fe20ee4efe41421c04faaa310f.jpeg?odnHeight=180&odnWidth=180&odnBg=FFFFFF,Apple3,BLU,ME35652,1,available,453.00,1,2017-06-16
191,190198051879,https://i5.walmartimages.com/asr/20caa881-9f84-478b-8259-b9c3448e1007_1.f85576fe20ee4efe41421c04faaa310f.jpeg?odnHeight=180&odnWidth=180&odnBg=FFFFFF,Apple4,Sony,ME3505205,1,available,455.00,1,2017-06-16
192,190198051875,https://i5.walmartimages.com/asr/20caa881-9f84-478b-8259-b9c3448e1007_1.f85576fe20ee4efe41421c04faaa310f.jpeg?odnHeight=180&odnWidth=180&odnBg=FFFFFF,Apple,Apple,ME350LL,1,available,450.00,1,2017-06-16
193,190198051876,https://i5.walmartimages.com/asr/20caa881-9f84-478b-8259-b9c3448e1007_1.f85576fe20ee4efe41421c04faaa310f.jpeg?odnHeight=180&odnWidth=180&odnBg=FFFFFF,Apple1,Nokia,ME35023,1,available,451.00,1,2017-06-16
194,190198051877,https://i5.walmartimages.com/asr/20caa881-9f84-478b-8259-b9c3448e1007_1.f85576fe20ee4efe41421c04faaa310f.jpeg?odnHeight=180&odnWidth=180&odnBg=FFFFFF,Apple2,Samsung,ME35520,1,available,452.00,1,2017-06-16
195,190198051878,https://i5.walmartimages.com/asr/20caa881-9f84-478b-8259-b9c3448e1007_1.f85576fe20ee4efe41421c04faaa310f.jpeg?odnHeight=180&odnWidth=180&odnBg=FFFFFF,Apple3,BLU,ME35652,1,available,453.00,1,2017-06-16
196,190198051879,https://i5.walmartimages.com/asr/20caa881-9f84-478b-8259-b9c3448e1007_1.f85576fe20ee4efe41421c04faaa310f.jpeg?odnHeight=180&odnWidth=180&odnBg=FFFFFF,Apple4,Sony,ME3505205,1,available,455.00,1,2017-06-16
197,190198051875,https://i5.walmartimages.com/asr/20caa881-9f84-478b-8259-b9c3448e1007_1.f85576fe20ee4efe41421c04faaa310f.jpeg?odnHeight=180&odnWidth=180&odnBg=FFFFFF,Apple,Apple,ME350LL,1,available,450.00,1,2017-06-16
198,190198051876,https://i5.walmartimages.com/asr/20caa881-9f84-478b-8259-b9c3448e1007_1.f85576fe20ee4efe41421c04faaa310f.jpeg?odnHeight=180&odnWidth=180&odnBg=FFFFFF,Apple1,Nokia,ME35023,1,available,451.00,1,2017-06-16
199,190198051877,https://i5.walmartimages.com/asr/20caa881-9f84-478b-8259-b9c3448e1007_1.f85576fe20ee4efe41421c04faaa310f.jpeg?odnHeight=180&odnWidth=180&odnBg=FFFFFF,Apple2,Samsung,ME35520,1,available,452.00,1,2017-06-16
200,190198051878,https://i5.walmartimages.com/asr/20caa881-9f84-478b-8259-b9c3448e1007_1.f85576fe20ee4efe41421c04faaa310f.jpeg?odnHeight=180&odnWidth=180&odnBg=FFFFFF,Apple3,BLU,ME35652,1,available,453.00,1,2017-06-16
201,190198051879,https://i5.walmartimages.com/asr/20caa881-9f84-478b-8259-b9c3448e1007_1.f85576fe20ee4efe41421c04faaa310f.jpeg?odnHeight=180&odnWidth=180&odnBg=FFFFFF,Apple4,Sony,ME3505205,1,available,455.00,1,2017-06-16
202,190198051875,https://i5.walmartimages.com/asr/20caa881-9f84-478b-8259-b9c3448e1007_1.f85576fe20ee4efe41421c04faaa310f.jpeg?odnHeight=180&odnWidth=180&odnBg=FFFFFF,Apple,Apple,ME350LL,1,available,450.00,1,2017-06-16
203,190198051876,https://i5.walmartimages.com/asr/20caa881-9f84-478b-8259-b9c3448e1007_1.f85576fe20ee4efe41421c04faaa310f.jpeg?odnHeight=180&odnWidth=180&odnBg=FFFFFF,Apple1,Nokia,ME35023,1,available,451.00,1,2017-06-16
204,190198051877,https://i5.walmartimages.com/asr/20caa881-9f84-478b-8259-b9c3448e1007_1.f85576fe20ee4efe41421c04faaa310f.jpeg?odnHeight=180&odnWidth=180&odnBg=FFFFFF,Apple2,Samsung,ME35520,1,available,452.00,1,2017-06-16
205,190198051878,https://i5.walmartimages.com/asr/20caa881-9f84-478b-8259-b9c3448e1007_1.f85576fe20ee4efe41421c04faaa310f.jpeg?odnHeight=180&odnWidth=180&odnBg=FFFFFF,Apple3,BLU,ME35652,1,available,453.00,1,2017-06-16
206,190198051879,https://i5.walmartimages.com/asr/20caa881-9f84-478b-8259-b9c3448e1007_1.f85576fe20ee4efe41421c04faaa310f.jpeg?odnHeight=180&odnWidth=180&odnBg=FFFFFF,Apple4,Sony,ME3505205,1,available,455.00,1,2017-06-16
207,190198051875,https://i5.walmartimages.com/asr/20caa881-9f84-478b-8259-b9c3448e1007_1.f85576fe20ee4efe41421c04faaa310f.jpeg?odnHeight=180&odnWidth=180&odnBg=FFFFFF,Apple,Apple,ME350LL,1,available,450.00,1,2017-06-16
208,190198051876,https://i5.walmartimages.com/asr/20caa881-9f84-478b-8259-b9c3448e1007_1.f85576fe20ee4efe41421c04faaa310f.jpeg?odnHeight=180&odnWidth=180&odnBg=FFFFFF,Apple1,Nokia,ME35023,1,available,451.00,1,2017-06-16
209,190198051877,https://i5.walmartimages.com/asr/20caa881-9f84-478b-8259-b9c3448e1007_1.f85576fe20ee4efe41421c04faaa310f.jpeg?odnHeight=180&odnWidth=180&odnBg=FFFFFF,Apple2,Samsung,ME35520,1,available,452.00,1,2017-06-16
210,190198051878,https://i5.walmartimages.com/asr/20caa881-9f84-478b-8259-b9c3448e1007_1.f85576fe20ee4efe41421c04faaa310f.jpeg?odnHeight=180&odnWidth=180&odnBg=FFFFFF,Apple3,BLU,ME35652,1,available,453.00,1,2017-06-16
211,190198051879,https://i5.walmartimages.com/asr/20caa881-9f84-478b-8259-b9c3448e1007_1.f85576fe20ee4efe41421c04faaa310f.jpeg?odnHeight=180&odnWidth=180&odnBg=FFFFFF,Apple4,Sony,ME3505205,1,available,455.00,1,2017-06-16
212,190198051875,https://i5.walmartimages.com/asr/20caa881-9f84-478b-8259-b9c3448e1007_1.f85576fe20ee4efe41421c04faaa310f.jpeg?odnHeight=180&odnWidth=180&odnBg=FFFFFF,Apple,Apple,ME350LL,1,available,450.00,1,2017-06-16
213,190198051876,https://i5.walmartimages.com/asr/20caa881-9f84-478b-8259-b9c3448e1007_1.f85576fe20ee4efe41421c04faaa310f.jpeg?odnHeight=180&odnWidth=180&odnBg=FFFFFF,Apple1,Nokia,ME35023,1,available,451.00,1,2017-06-16
214,190198051877,https://i5.walmartimages.com/asr/20caa881-9f84-478b-8259-b9c3448e1007_1.f85576fe20ee4efe41421c04faaa310f.jpeg?odnHeight=180&odnWidth=180&odnBg=FFFFFF,Apple2,Samsung,ME35520,1,available,452.00,1,2017-06-16
215,190198051878,https://i5.walmartimages.com/asr/20caa881-9f84-478b-8259-b9c3448e1007_1.f85576fe20ee4efe41421c04faaa310f.jpeg?odnHeight=180&odnWidth=180&odnBg=FFFFFF,Apple3,BLU,ME35652,1,available,453.00,1,2017-06-16
216,190198051879,https://i5.walmartimages.com/asr/20caa881-9f84-478b-8259-b9c3448e1007_1.f85576fe20ee4efe41421c04faaa310f.jpeg?odnHeight=180&odnWidth=180&odnBg=FFFFFF,Apple4,Sony,ME3505205,1,available,455.00,1,2017-06-16
217,190198051875,https://i5.walmartimages.com/asr/20caa881-9f84-478b-8259-b9c3448e1007_1.f85576fe20ee4efe41421c04faaa310f.jpeg?odnHeight=180&odnWidth=180&odnBg=FFFFFF,Apple,Apple,ME350LL,1,available,450.00,1,2017-06-16
218,190198051876,https://i5.walmartimages.com/asr/20caa881-9f84-478b-8259-b9c3448e1007_1.f85576fe20ee4efe41421c04faaa310f.jpeg?odnHeight=180&odnWidth=180&odnBg=FFFFFF,Apple1,Nokia,ME35023,1,available,451.00,1,2017-06-16
219,190198051877,https://i5.walmartimages.com/asr/20caa881-9f84-478b-8259-b9c3448e1007_1.f85576fe20ee4efe41421c04faaa310f.jpeg?odnHeight=180&odnWidth=180&odnBg=FFFFFF,Apple2,Samsung,ME35520,1,available,452.00,1,2017-06-16
220,190198051878,https://i5.walmartimages.com/asr/20caa881-9f84-478b-8259-b9c3448e1007_1.f85576fe20ee4efe41421c04faaa310f.jpeg?odnHeight=180&odnWidth=180&odnBg=FFFFFF,Apple3,BLU,ME35652,1,available,453.00,1,2017-06-16
221,190198051879,https://i5.walmartimages.com/asr/20caa881-9f84-478b-8259-b9c3448e1007_1.f85576fe20ee4efe41421c04faaa310f.jpeg?odnHeight=180&odnWidth=180&odnBg=FFFFFF,Apple4,Sony,ME3505205,1,available,455.00,1,2017-06-16
222,190198051875,https://i5.walmartimages.com/asr/20caa881-9f84-478b-8259-b9c3448e1007_1.f85576fe20ee4efe41421c04faaa310f.jpeg?odnHeight=180&odnWidth=180&odnBg=FFFFFF,Apple,Apple,ME350LL,1,available,450.00,1,2017-06-16
223,190198051876,https://i5.walmartimages.com/asr/20caa881-9f84-478b-8259-b9c3448e1007_1.f85576fe20ee4efe41421c04faaa310f.jpeg?odnHeight=180&odnWidth=180&odnBg=FFFFFF,Apple1,Nokia,ME35023,1,available,451.00,1,2017-06-16
224,190198051877,https://i5.walmartimages.com/asr/20caa881-9f84-478b-8259-b9c3448e1007_1.f85576fe20ee4efe41421c04faaa310f.jpeg?odnHeight=180&odnWidth=180&odnBg=FFFFFF,Apple2,Samsung,ME35520,1,available,452.00,1,2017-06-16
225,190198051878,https://i5.walmartimages.com/asr/20caa881-9f84-478b-8259-b9c3448e1007_1.f85576fe20ee4efe41421c04faaa310f.jpeg?odnHeight=180&odnWidth=180&odnBg=FFFFFF,Apple3,BLU,ME35652,1,available,453.00,1,2017-06-16
226,190198051879,https://i5.walmartimages.com/asr/20caa881-9f84-478b-8259-b9c3448e1007_1.f85576fe20ee4efe41421c04faaa310f.jpeg?odnHeight=180&odnWidth=180&odnBg=FFFFFF,Apple4,Sony,ME3505205,1,available,455.00,1,2017-06-16
227,190198051875,https://i5.walmartimages.com/asr/20caa881-9f84-478b-8259-b9c3448e1007_1.f85576fe20ee4efe41421c04faaa310f.jpeg?odnHeight=180&odnWidth=180&odnBg=FFFFFF,Apple,Apple,ME350LL,1,available,450.00,1,2017-06-16
228,190198051876,https://i5.walmartimages.com/asr/20caa881-9f84-478b-8259-b9c3448e1007_1.f85576fe20ee4efe41421c04faaa310f.jpeg?odnHeight=180&odnWidth=180&odnBg=FFFFFF,Apple1,Nokia,ME35023,1,available,451.00,1,2017-06-16
229,190198051877,https://i5.walmartimages.com/asr/20caa881-9f84-478b-8259-b9c3448e1007_1.f85576fe20ee4efe41421c04faaa310f.jpeg?odnHeight=180&odnWidth=180&odnBg=FFFFFF,Apple2,Samsung,ME35520,1,available,452.00,1,2017-06-16
230,190198051878,https://i5.walmartimages.com/asr/20caa881-9f84-478b-8259-b9c3448e1007_1.f85576fe20ee4efe41421c04faaa310f.jpeg?odnHeight=180&odnWidth=180&odnBg=FFFFFF,Apple3,BLU,ME35652,1,available,453.00,1,2017-06-16
231,190198051879,https://i5.walmartimages.com/asr/20caa881-9f84-478b-8259-b9c3448e1007_1.f85576fe20ee4efe41421c04faaa310f.jpeg?odnHeight=180&odnWidth=180&odnBg=FFFFFF,Apple4,Sony,ME3505205,1,available,455.00,1,2017-06-16
232,190198051875,https://i5.walmartimages.com/asr/20caa881-9f84-478b-8259-b9c3448e1007_1.f85576fe20ee4efe41421c04faaa310f.jpeg?odnHeight=180&odnWidth=180&odnBg=FFFFFF,Apple,Apple,ME350LL,1,available,450.00,1,2017-06-16
233,190198051876,https://i5.walmartimages.com/asr/20caa881-9f84-478b-8259-b9c3448e1007_1.f85576fe20ee4efe41421c04faaa310f.jpeg?odnHeight=180&odnWidth=180&odnBg=FFFFFF,Apple1,Nokia,ME35023,1,available,451.00,1,2017-06-16
234,190198051877,https://i5.walmartimages.com/asr/20caa881-9f84-478b-8259-b9c3448e1007_1.f85576fe20ee4efe41421c04faaa310f.jpeg?odnHeight=180&odnWidth=180&odnBg=FFFFFF,Apple2,Samsung,ME35520,1,available,452.00,1,2017-06-16
235,190198051878,https://i5.walmartimages.com/asr/20caa881-9f84-478b-8259-b9c3448e1007_1.f85576fe20ee4efe41421c04faaa310f.jpeg?odnHeight=180&odnWidth=180&odnBg=FFFFFF,Apple3,BLU,ME35652,1,available,453.00,1,2017-06-16
236,190198051879,https://i5.walmartimages.com/asr/20caa881-9f84-478b-8259-b9c3448e1007_1.f85576fe20ee4efe41421c04faaa310f.jpeg?odnHeight=180&odnWidth=180&odnBg=FFFFFF,Apple4,Sony,ME3505205,1,available,455.00,1,2017-06-16
237,190198051875,https://i5.walmartimages.com/asr/20caa881-9f84-478b-8259-b9c3448e1007_1.f85576fe20ee4efe41421c04faaa310f.jpeg?odnHeight=180&odnWidth=180&odnBg=FFFFFF,Apple,Apple,ME350LL,1,available,450.00,1,2017-06-16
238,190198051876,https://i5.walmartimages.com/asr/20caa881-9f84-478b-8259-b9c3448e1007_1.f85576fe20ee4efe41421c04faaa310f.jpeg?odnHeight=180&odnWidth=180&odnBg=FFFFFF,Apple1,Nokia,ME35023,1,available,451.00,1,2017-06-16
239,190198051877,https://i5.walmartimages.com/asr/20caa881-9f84-478b-8259-b9c3448e1007_1.f85576fe20ee4efe41421c04faaa310f.jpeg?odnHeight=180&odnWidth=180&odnBg=FFFFFF,Apple2,Samsung,ME35520,1,available,452.00,1,2017-06-16
240,190198051878,https://i5.walmartimages.com/asr/20caa881-9f84-478b-8259-b9c3448e1007_1.f85576fe20ee4efe41421c04faaa310f.jpeg?odnHeight=180&odnWidth=180&odnBg=FFFFFF,Apple3,BLU,ME35652,1,available,453.00,1,2017-06-16
241,190198051879,https://i5.walmartimages.com/asr/20caa881-9f84-478b-8259-b9c3448e1007_1.f85576fe20ee4efe41421c04faaa310f.jpeg?odnHeight=180&odnWidth=180&odnBg=FFFFFF,Apple4,Sony,ME3505205,1,available,455.00,1,2017-06-16
242,190198051875,https://i5.walmartimages.com/asr/20caa881-9f84-478b-8259-b9c3448e1007_1.f85576fe20ee4efe41421c04faaa310f.jpeg?odnHeight=180&odnWidth=180&odnBg=FFFFFF,Apple,Apple,ME350LL,1,available,450.00,1,2017-06-16
243,190198051876,https://i5.walmartimages.com/asr/20caa881-9f84-478b-8259-b9c3448e1007_1.f85576fe20ee4efe41421c04faaa310f.jpeg?odnHeight=180&odnWidth=180&odnBg=FFFFFF,Apple1,Nokia,ME35023,1,available,451.00,1,2017-06-16
244,190198051877,https://i5.walmartimages.com/asr/20caa881-9f84-478b-8259-b9c3448e1007_1.f85576fe20ee4efe41421c04faaa310f.jpeg?odnHeight=180&odnWidth=180&odnBg=FFFFFF,Apple2,Samsung,ME35520,1,available,452.00,1,2017-06-16
245,190198051878,https://i5.walmartimages.com/asr/20caa881-9f84-478b-8259-b9c3448e1007_1.f85576fe20ee4efe41421c04faaa310f.jpeg?odnHeight=180&odnWidth=180&odnBg=FFFFFF,Apple3,BLU,ME35652,1,available,453.00,1,2017-06-16
246,190198051879,https://i5.walmartimages.com/asr/20caa881-9f84-478b-8259-b9c3448e1007_1.f85576fe20ee4efe41421c04faaa310f.jpeg?odnHeight=180&odnWidth=180&odnBg=FFFFFF,Apple4,Sony,ME3505205,1,available,455.00,1,2017-06-16
247,190198051875,https://i5.walmartimages.com/asr/20caa881-9f84-478b-8259-b9c3448e1007_1.f85576fe20ee4efe41421c04faaa310f.jpeg?odnHeight=180&odnWidth=180&odnBg=FFFFFF,Apple,Apple,ME350LL,1,available,450.00,1,2017-06-18
248,190198051876,https://i5.walmartimages.com/asr/20caa881-9f84-478b-8259-b9c3448e1007_1.f85576fe20ee4efe41421c04faaa310f.jpeg?odnHeight=180&odnWidth=180&odnBg=FFFFFF,Apple1,Nokia,ME35023,1,available,451.00,1,2017-06-18
249,190198051877,https://i5.walmartimages.com/asr/20caa881-9f84-478b-8259-b9c3448e1007_1.f85576fe20ee4efe41421c04faaa310f.jpeg?odnHeight=180&odnWidth=180&odnBg=FFFFFF,Apple2,Samsung,ME35520,1,available,452.00,1,2017-06-18
250,190198051878,https://i5.walmartimages.com/asr/20caa881-9f84-478b-8259-b9c3448e1007_1.f85576fe20ee4efe41421c04faaa310f.jpeg?odnHeight=180&odnWidth=180&odnBg=FFFFFF,Apple3,BLU,ME35652,1,available,453.00,1,2017-06-18
251,190198051879,https://i5.walmartimages.com/asr/20caa881-9f84-478b-8259-b9c3448e1007_1.f85576fe20ee4efe41421c04faaa310f.jpeg?odnHeight=180&odnWidth=180&odnBg=FFFFFF,Apple4,Sony,ME3505205,1,available,455.00,1,2017-06-18
252,190198051875,https://i5.walmartimages.com/asr/20caa881-9f84-478b-8259-b9c3448e1007_1.f85576fe20ee4efe41421c04faaa310f.jpeg?odnHeight=180&odnWidth=180&odnBg=FFFFFF,Apple,Apple,ME350LL,1,available,450.00,1,2017-06-18
253,190198051876,https://i5.walmartimages.com/asr/20caa881-9f84-478b-8259-b9c3448e1007_1.f85576fe20ee4efe41421c04faaa310f.jpeg?odnHeight=180&odnWidth=180&odnBg=FFFFFF,Apple1,Nokia,ME35023,1,available,451.00,1,2017-06-18
254,190198051877,https://i5.walmartimages.com/asr/20caa881-9f84-478b-8259-b9c3448e1007_1.f85576fe20ee4efe41421c04faaa310f.jpeg?odnHeight=180&odnWidth=180&odnBg=FFFFFF,Apple2,Samsung,ME35520,1,available,452.00,1,2017-06-18
255,190198051878,https://i5.walmartimages.com/asr/20caa881-9f84-478b-8259-b9c3448e1007_1.f85576fe20ee4efe41421c04faaa310f.jpeg?odnHeight=180&odnWidth=180&odnBg=FFFFFF,Apple3,BLU,ME35652,1,available,453.00,1,2017-06-18
256,190198051879,https://i5.walmartimages.com/asr/20caa881-9f84-478b-8259-b9c3448e1007_1.f85576fe20ee4efe41421c04faaa310f.jpeg?odnHeight=180&odnWidth=180&odnBg=FFFFFF,Apple4,Sony,ME3505205,1,available,455.00,1,2017-06-18
257,190198051875,https://i5.walmartimages.com/asr/20caa881-9f84-478b-8259-b9c3448e1007_1.f85576fe20ee4efe41421c04faaa310f.jpeg?odnHeight=180&odnWidth=180&odnBg=FFFFFF,Apple,Apple,ME350LL,1,available,450.00,1,2017-06-18
258,190198051876,https://i5.walmartimages.com/asr/20caa881-9f84-478b-8259-b9c3448e1007_1.f85576fe20ee4efe41421c04faaa310f.jpeg?odnHeight=180&odnWidth=180&odnBg=FFFFFF,Apple1,Nokia,ME35023,1,available,451.00,1,2017-06-18
259,190198051877,https://i5.walmartimages.com/asr/20caa881-9f84-478b-8259-b9c3448e1007_1.f85576fe20ee4efe41421c04faaa310f.jpeg?odnHeight=180&odnWidth=180&odnBg=FFFFFF,Apple2,Samsung,ME35520,1,available,452.00,1,2017-06-18
260,190198051878,https://i5.walmartimages.com/asr/20caa881-9f84-478b-8259-b9c3448e1007_1.f85576fe20ee4efe41421c04faaa310f.jpeg?odnHeight=180&odnWidth=180&odnBg=FFFFFF,Apple3,BLU,ME35652,1,available,453.00,1,2017-06-18
261,190198051879,https://i5.walmartimages.com/asr/20caa881-9f84-478b-8259-b9c3448e1007_1.f85576fe20ee4efe41421c04faaa310f.jpeg?odnHeight=180&odnWidth=180&odnBg=FFFFFF,Apple4,Sony,ME3505205,1,available,455.00,1,2017-06-18
262,190198051875,https://i5.walmartimages.com/asr/20caa881-9f84-478b-8259-b9c3448e1007_1.f85576fe20ee4efe41421c04faaa310f.jpeg?odnHeight=180&odnWidth=180&odnBg=FFFFFF,Apple,Apple,ME350LL,1,available,450.00,1,2017-06-18
263,190198051876,https://i5.walmartimages.com/asr/20caa881-9f84-478b-8259-b9c3448e1007_1.f85576fe20ee4efe41421c04faaa310f.jpeg?odnHeight=180&odnWidth=180&odnBg=FFFFFF,Apple1,Nokia,ME35023,1,available,451.00,1,2017-06-18
264,190198051877,https://i5.walmartimages.com/asr/20caa881-9f84-478b-8259-b9c3448e1007_1.f85576fe20ee4efe41421c04faaa310f.jpeg?odnHeight=180&odnWidth=180&odnBg=FFFFFF,Apple2,Samsung,ME35520,1,available,452.00,1,2017-06-18
265,190198051878,https://i5.walmartimages.com/asr/20caa881-9f84-478b-8259-b9c3448e1007_1.f85576fe20ee4efe41421c04faaa310f.jpeg?odnHeight=180&odnWidth=180&odnBg=FFFFFF,Apple3,BLU,ME35652,1,available,453.00,1,2017-06-18
266,190198051879,https://i5.walmartimages.com/asr/20caa881-9f84-478b-8259-b9c3448e1007_1.f85576fe20ee4efe41421c04faaa310f.jpeg?odnHeight=180&odnWidth=180&odnBg=FFFFFF,Apple4,Sony,ME3505205,1,available,455.00,1,2017-06-18
292,190198051875,https://i5.walmartimages.com/asr/20caa881-9f84-478b-8259-b9c3448e1007_1.f85576fe20ee4efe41421c04faaa310f.jpeg?odnHeight=180&odnWidth=180&odnBg=FFFFFF,Apple,Apple,ME350LL,1,available,450.00,1,2017-06-19
293,190198051876,https://i5.walmartimages.com/asr/20caa881-9f84-478b-8259-b9c3448e1007_1.f85576fe20ee4efe41421c04faaa310f.jpeg?odnHeight=180&odnWidth=180&odnBg=FFFFFF,Apple1,Nokia,ME35023,1,available,451.00,1,2017-06-19
294,190198051877,https://i5.walmartimages.com/asr/20caa881-9f84-478b-8259-b9c3448e1007_1.f85576fe20ee4efe41421c04faaa310f.jpeg?odnHeight=180&odnWidth=180&odnBg=FFFFFF,Apple2,Samsung,ME35520,1,available,452.00,1,2017-06-19
295,190198051878,https://i5.walmartimages.com/asr/20caa881-9f84-478b-8259-b9c3448e1007_1.f85576fe20ee4efe41421c04faaa310f.jpeg?odnHeight=180&odnWidth=180&odnBg=FFFFFF,Apple3,BLU,ME35652,1,available,453.00,1,2017-06-19
296,190198051879,https://i5.walmartimages.com/asr/20caa881-9f84-478b-8259-b9c3448e1007_1.f85576fe20ee4efe41421c04faaa310f.jpeg?odnHeight=180&odnWidth=180&odnBg=FFFFFF,Apple4,Sony,ME3505205,1,available,455.00,1,2017-06-19
297,190198051875,https://i5.walmartimages.com/asr/20caa881-9f84-478b-8259-b9c3448e1007_1.f85576fe20ee4efe41421c04faaa310f.jpeg?odnHeight=180&odnWidth=180&odnBg=FFFFFF,Apple,Apple,ME350LL,1,available,450.00,1,2017-06-19
298,190198051876,https://i5.walmartimages.com/asr/20caa881-9f84-478b-8259-b9c3448e1007_1.f85576fe20ee4efe41421c04faaa310f.jpeg?odnHeight=180&odnWidth=180&odnBg=FFFFFF,Apple1,Nokia,ME35023,1,available,451.00,1,2017-06-19
299,190198051877,https://i5.walmartimages.com/asr/20caa881-9f84-478b-8259-b9c3448e1007_1.f85576fe20ee4efe41421c04faaa310f.jpeg?odnHeight=180&odnWidth=180&odnBg=FFFFFF,Apple2,Samsung,ME35520,1,available,452.00,1,2017-06-19
300,190198051878,https://i5.walmartimages.com/asr/20caa881-9f84-478b-8259-b9c3448e1007_1.f85576fe20ee4efe41421c04faaa310f.jpeg?odnHeight=180&odnWidth=180&odnBg=FFFFFF,Apple3,BLU,ME35652,1,available,453.00,1,2017-06-19
301,190198051879,https://i5.walmartimages.com/asr/20caa881-9f84-478b-8259-b9c3448e1007_1.f85576fe20ee4efe41421c04faaa310f.jpeg?odnHeight=180&odnWidth=180&odnBg=FFFFFF,Apple4,Sony,ME3505205,1,available,455.00,1,2017-06-19
302,190198051875,https://i5.walmartimages.com/asr/20caa881-9f84-478b-8259-b9c3448e1007_1.f85576fe20ee4efe41421c04faaa310f.jpeg?odnHeight=180&odnWidth=180&odnBg=FFFFFF,Apple,Apple,ME350LL,1,available,450.00,1,2017-06-19
303,190198051876,https://i5.walmartimages.com/asr/20caa881-9f84-478b-8259-b9c3448e1007_1.f85576fe20ee4efe41421c04faaa310f.jpeg?odnHeight=180&odnWidth=180&odnBg=FFFFFF,Apple1,Nokia,ME35023,1,available,451.00,1,2017-06-19
304,190198051877,https://i5.walmartimages.com/asr/20caa881-9f84-478b-8259-b9c3448e1007_1.f85576fe20ee4efe41421c04faaa310f.jpeg?odnHeight=180&odnWidth=180&odnBg=FFFFFF,Apple2,Samsung,ME35520,1,available,452.00,1,2017-06-19
305,190198051878,https://i5.walmartimages.com/asr/20caa881-9f84-478b-8259-b9c3448e1007_1.f85576fe20ee4efe41421c04faaa310f.jpeg?odnHeight=180&odnWidth=180&odnBg=FFFFFF,Apple3,BLU,ME35652,1,available,453.00,1,2017-06-19
306,190198051879,https://i5.walmartimages.com/asr/20caa881-9f84-478b-8259-b9c3448e1007_1.f85576fe20ee4efe41421c04faaa310f.jpeg?odnHeight=180&odnWidth=180&odnBg=FFFFFF,Apple4,Sony,ME3505205,1,available,455.00,1,2017-06-19
307,190198051875,https://i5.walmartimages.com/asr/20caa881-9f84-478b-8259-b9c3448e1007_1.f85576fe20ee4efe41421c04faaa310f.jpeg?odnHeight=180&odnWidth=180&odnBg=FFFFFF,Apple,Apple,ME350LL,1,available,450.00,1,2017-06-19
308,190198051876,https://i5.walmartimages.com/asr/20caa881-9f84-478b-8259-b9c3448e1007_1.f85576fe20ee4efe41421c04faaa310f.jpeg?odnHeight=180&odnWidth=180&odnBg=FFFFFF,Apple1,Nokia,ME35023,1,available,451.00,1,2017-06-19
309,190198051877,https://i5.walmartimages.com/asr/20caa881-9f84-478b-8259-b9c3448e1007_1.f85576fe20ee4efe41421c04faaa310f.jpeg?odnHeight=180&odnWidth=180&odnBg=FFFFFF,Apple2,Samsung,ME35520,1,available,452.00,1,2017-06-19
310,190198051878,https://i5.walmartimages.com/asr/20caa881-9f84-478b-8259-b9c3448e1007_1.f85576fe20ee4efe41421c04faaa310f.jpeg?odnHeight=180&odnWidth=180&odnBg=FFFFFF,Apple3,BLU,ME35652,1,available,453.00,1,2017-06-19
311,190198051879,https://i5.walmartimages.com/asr/20caa881-9f84-478b-8259-b9c3448e1007_1.f85576fe20ee4efe41421c04faaa310f.jpeg?odnHeight=180&odnWidth=180&odnBg=FFFFFF,Apple4,Sony,ME3505205,1,available,455.00,1,2017-06-19
